{
  "current-scene": "594f78af-28f2-4674-a73c-cc7734fdff45",
  "gizmos-infos": {
    "iconGizmoSize": 2,
    "isGridVisible": true,
    "isIconGizmo3D": false
  },
  "camera-infos": {
    "594f78af-28f2-4674-a73c-cc7734fdff45": {
      "position": {
        "x": 359.99999999999994,
        "y": 640,
        "z": 1000
      },
      "rotation": {
        "w": 1,
        "x": 0,
        "y": 0,
        "z": 0
      },
      "viewCenter": {
        "x": 0,
        "y": 0,
        "z": 0
      }
    },
    "86CbMySIFMQbuaBK6L3/Pv": {
      "position": {
        "x": -2.289720273719187,
        "y": 1.9454743323512513,
        "z": 17.95357279320168
      },
      "rotation": {
        "w": 0.9936412536368169,
        "x": -0.08080636588097694,
        "y": 0.07814730703324588,
        "z": 0.006355211059956265
      },
      "viewCenter": {
        "x": -10.157175217898267,
        "y": -6.294494916062289,
        "z": -31.754306196390104
      }
    },
    "f46876e4-e81b-4931-b493-6d367be385e7": {
      "position": {
        "x": 50,
        "y": 50,
        "z": 50
      },
      "rotation": {
        "w": 0.8804762392171493,
        "x": -0.27984814233312133,
        "y": 0.3647051996310009,
        "z": 0.11591689595929514
      },
      "viewCenter": {
        "x": 0,
        "y": 0,
        "z": 0
      }
    }
  },
  "camera-uuids": [
    "f46876e4-e81b-4931-b493-6d367be385e7",
    "86CbMySIFMQbuaBK6L3/Pv",
    "594f78af-28f2-4674-a73c-cc7734fdff45"
  ]
}
